{
  "salesOrders": {
			"SO-EU-0000053": {
				"dateCreated":"2020-07-22T15:13:19+01:00",
				"salesChannel":"projectsales",
				"isoCurrency":"EUR",
				"subtotal":1319.96,
				"discountAmt":197.99,
				"shipping":0.00,
				"taxes": {
					"21% VAT":194.72
				},
				"taxType":"incl",
				"total":1121.97,
				"lineItems": {
					"WIDGET001":4
				},
				"fulfillments": [
					{
						"num": 0,
						"city": "Amsterdam",
						"country": "NL",
						"provider": "UPS",
						"trackingNumber": "1Z1234567890112",
						"deliveryDate": "2020-07-23T17:41:10+01:00"
					}
				],
				"payments":[
						{
							"num": 0,
							"paymentType": "creditcard",
							"amount": 1121.97,
							"paymentDate": "2020-07-22T15:14:08+01:00"
						}
				]
			},
			"SO-EU-0000054": {
				"dateCreated":"2020-07-26T11:09:22+01:00",
				"salesChannel":"retail",
				"isoCurrency":"EUR",
				"subtotal":50079.13,
				"discountAmt":0.00,
				"shipping":0.00,
				"taxes": {
					"20% VAT":0.00
				},
				"taxType":"exempt",
				"total":50079.13,
				"lineItems": {
					"PL-WIDGET001":1,
					"MC-WIDGET001":10
				},
				"fulfillments": [
					{
						"num": 0,
						"city": "Marseilles",
						"country": "FR",
						"provider": "Dekker",
						"trackingNumber": null,
						"deliveryDate": "2020-07-29T17:22:18+01:00"
					},
					{
						"num": 1,
						"city": "Marseilles",
						"country": "FR",
						"provider": "UPS",
						"trackingNumber": "1Z1234567890223",
						"deliveryDate": "2020-07-26T17:50:38+01:00"
					}
				],
				
				"payments": [
					{
						"num": 0,
						"paymentType": "creditcard",
						"amount": 5007.91,
						"paymentDate": "2020-07-26T11:10:03+01:00"
					},
					{
						"num": 1,
						"paymentType": "wirepayment",
						"amount": 45071.22,
						"paymentDate": "2020-08-26T14:22:01+01:00"
					}

				]
			},
			"SO-EU-0000055": {
				"dateCreated":"2020-08-01T11:15:22+01:00",
				"salesChannel":"retail",
				"isoCurrency":"EUR",
				"subtotal":128780.60,
				"discountAmt":0.00,
				"shipping":0.00,
				"taxes": {
					"20% VAT":0.00
				},
				"taxType":"exempt",
				"total":128780.60,
				"lineItems": {
					"PL-WIDGET001":4
				},
				"fulfillments": [
					{
						"num": 0,
						"city": "Berlin",
						"country": "DE",
						"provider": "Dekker",
						"trackingNumber": null,
						"deliveryDate": "2020-08-05T18:31:04+01:00"
					}
				],
				"payments": []
			},
			"SO-EU-77922EU": {
				"dateCreated":"2020-08-22T15:13:19+01:00",
				"salesChannel":"nanoleafshopeu",
				"isoCurrency":"EUR",
				"subtotal":1319.96,
				"discountAmt":197.99,
				"shipping":0.00,
				"taxes": {
					"21% VAT":194.72
				},
				"taxType":"incl",
				"total":1121.97,
				"lineItems": {
					"WIDGET001":4
				},
				"fulfillments": [
					{
						"num": 0,
						"city": "Barcelona",
						"country": "ES",
						"provider": "UPS",
						"trackingNumber": "1Z1234567890684",
						"deliveryDate": "2020-08-23T17:05:17+01:00"
					}
				],
				"payments": [
					{
						"num": 0,
						"paymentType": "creditcard",
						"amount": 1121.97,
						"paymentDate": "2020-08-22T15:14:08+01:00"
					}
				]
			},
			"SO-UK-27126UK": {
				"dateCreated":"2020-09-22T15:14:17+00:00",
				"salesChannel":"nanoleafshopuk",
				"isoCurrency":"GBP",
				"subtotal":1159.96,
				"discountAmt":0.00,
				"shipping":0.00,
				"taxes": {
					"20% VAT":193.33
				},
				"taxType":"incl",
				"total":1159.96,
				"lineItems": {
					"WIDGET001":4
				},
				"fulfillments": [
					{
						"num": 0,
						"city": "Thames-Upon-Perth",
						"country": "GB",
						"provider": "UPS",
						"trackingNumber": "1Z1234567890992",
						"deliveryDate": "2020-09-23T18:05:17+00:00"
					}
				],
				"payments": [
					{
						"num": 0,
						"paymentType": "creditcard",
						"amount": 1159.96,
						"paymentDate": "2020-09-22T15:14:29+00:00"
					}
				]				
			},
			"SO-CA-0000098": {
				"dateCreated":"2020-09-23T18:14:17-05:00",
				"salesChannel":"retail",
				"isoCurrency":"USD",
				"subtotal":235845.16,
				"discountAmt":0.00,
				"shipping":0.00,
				"taxes": {
				},
				"taxType":"exempt",
				"total":235845.16,
				"lineItems": {
					"MC-WIDGET003":10,
					"PL-WIDGET001":6
				},
				"fulfillments": [
					{
						"num": 0,
						"city": "Louisville",
						"country": "US",
						"provider": "UPSFreight",
						"trackingNumber": "1Z1234567891445",
						"deliveryDate": "2020-09-30T10:05:17-05:00"
					}
				],
				"payments": [
					{
						"num": 0,
						"paymentType": "wirepayment",
						"amount": 235845.16,
						"paymentDate": "2020-11-22T09:21:48-05:00"
					}
				]		
			},
			"SO-CA-0000098": {
				"dateCreated":"2020-09-28T08:14:17-08:00",
				"salesChannel":"nanoleafshopcanada",
				"isoCurrency":"CAD",
				"subtotal":569.98,
				"discountAmt":0.00,
				"shipping":0.00,
				"taxes": {
					"GST":28.50,
					"PST-BC":45.60
				},
				"taxType":"excl",
				"total":644.08,
				"lineItems": {
					"WIDGET003":1,
					"WIDGET001":1
				},
				"fulfillments": [
					{
						"num": 0,
						"city": "Vernon",
						"country": "CA",
						"provider": "CanadaPost-Expedited",
						"trackingNumber": "4003499811234",
						"deliveryDate": "2020-09-29T17:05:17-08:00"
					}
				],
				"payments": [
					{
						"num": 0,
						"paymentType": "creditcard",
						"amount": 644.08,
						"paymentDate": "2020-09-28T08:14:33-08:00"
					}
				]		
			}
	}
}